label,country,accession L,Accession NP,Accession GP,name,date,range,outbreak,exclude?,notes,Source L,Source NP,Source GP
EKA02|GAB|2002-02,GAB,DQ205409,,,EKA02,2002-02,,,,Ekata / Bat,Biek et al. 2006 Oct;2(10):e90. doi: 10.1371/journal.ppat.0020090.,,
EKBO2|GAB|2002-02,GAB,DQ205410,,,EKBO2,2002-02,,,,Ekata / Bat,Biek et al. 2006 Oct;2(10):e90. doi: 10.1371/journal.ppat.0020090.,,
MBA03F|COG|2003-02,COG,DQ205411,,,MBA03F,2003-02,,,,Mbomo / Bat,Biek et al. 2006 Oct;2(10):e90. doi: 10.1371/journal.ppat.0020090.,,
MBC03F|COG|2003-02,COG,DQ205413,,,MBC03F,2003-02,,,,Mbomo / Bat,Biek et al. 2006 Oct;2(10):e90. doi: 10.1371/journal.ppat.0020090.,,
MBB03F|COG|2003-02,COG,DQ205412,,,MBB03F,2003-02,,,,Mbomo / Bat,Biek et al. 2006 Oct;2(10):e90. doi: 10.1371/journal.ppat.0020090.,,
MBA03J|COG|2003-02,COG,DQ205414,,,MBA03J,2003-02,,,,Mbomo / Bat,Biek et al. 2006 Oct;2(10):e90. doi: 10.1371/journal.ppat.0020090.,,
MBB03J|COG|2003-02,COG,DQ205415,,,MBB03J,2003-02,,,,Mbomo / Bat,Biek et al. 2006 Oct;2(10):e90. doi: 10.1371/journal.ppat.0020090.,,
MendembaA|GAB|2001-10,GAB,DQ205416,EU051640,AY526105,MendembaA,2001-10,,Mekambo/2001,,Epidemic chain 1 in Gabon,Biek et al. 2006 Oct;2(10):e90. doi: 10.1371/journal.ppat.0020090.,Whittman (2007) 104 (43) 17123-17127 https://doi.org/10.1073/pnas.0704076104,"Leroy et al. (2004) SCIENCE 303, Issue 5656 pp. 387-390 DOI: 10.1126/science.1092528"
Olloba|GAB|2001-12,GAB,DQ205416-1,EU051643,AY526099,Olloba,2001-12,,Mbomo-Kelle/2001,,Extracted from info in text (Mekambo/2001?),Biek et al. 2006 Oct;2(10):e90. doi: 10.1371/journal.ppat.0020090.,Whittman (2007) 104 (43) 17123-17127 https://doi.org/10.1073/pnas.0704076104,"Leroy et al. (2004) SCIENCE 303, Issue 5656 pp. 387-390 DOI: 10.1126/science.1092528"
Etakayange|GAB|2001-12,GAB,DQ205416-2,EU051642,AY526100,Etakayange,2001-12,,Mekambo/2001,,Extracted from info in text,Biek et al. 2006 Oct;2(10):e90. doi: 10.1371/journal.ppat.0020090.,Whittman (2007) 104 (43) 17123-17127 https://doi.org/10.1073/pnas.0704076104,"Leroy et al. (2004) SCIENCE 303, Issue 5656 pp. 387-390 DOI: 10.1126/science.1092528"
Entsiami|COG|2002-01,COG,DQ211657,EU051644,AY526102,Entsiami,2002-01,,Mbomo-Kelle/2001,,,Biek et al. 2006 Oct;2(10):e90. doi: 10.1371/journal.ppat.0020090.,Whittman (2007) 104 (43) 17123-17127 https://doi.org/10.1073/pnas.0704076104,"Leroy et al. (2004) SCIENCE 303, Issue 5656 pp. 387-390 DOI: 10.1126/science.1092528"
MendembaB|GAB|2001-10,GAB,DQ205417,EU051641,AY526098,MendembaB,2001-10,,Mekambo/2001,,Epidemic chain 2 in Gabon,Biek et al. 2006 Oct;2(10):e90. doi: 10.1371/journal.ppat.0020090.,Whittman (2007) 104 (43) 17123-17127 https://doi.org/10.1073/pnas.0704076104,"Leroy et al. (2004) SCIENCE 303, Issue 5656 pp. 387-390 DOI: 10.1126/science.1092528"
Makakou|GAB|2001-12,GAB,DQ205417-1,,AY526101,Makakou,2001-12,,Mekambo/2001,,Extracted from info in text,Biek et al. 2006 Oct;2(10):e90. doi: 10.1371/journal.ppat.0020090.,Whittman (2007) 104 (43) 17123-17127 https://doi.org/10.1073/pnas.0704076104,"Leroy et al. (2004) SCIENCE 303, Issue 5656 pp. 387-390 DOI: 10.1126/science.1092528"
Mvoula|COG|2003-01,COG,,EU051645,AY526104,Mvoula,2003-01,,Mbomo-Kelle/2002,,First case 2001-01-01,,Whittman (2007) 104 (43) 17123-17127 https://doi.org/10.1073/pnas.0704076104,"Leroy et al. (2004) SCIENCE 303, Issue 5656 pp. 387-390 DOI: 10.1126/science.1092528"
Yembelengoye|COG|2002-12,COG,,,AY526103,Yembelengoye,2002-12,,Mbomo-Kelle/2002,,First case 2002-12-25,,Whittman (2007) 104 (43) 17123-17127 https://doi.org/10.1073/pnas.0704076104,"Leroy et al. (2004) SCIENCE 303, Issue 5656 pp. 387-390 DOI: 10.1126/science.1092528"
GOR1_Lossi|COG|2002-12,COG,,EU051649,EU051630,GOR1_Lossi,2002-12,,,,gorilla,,Whittman (2007) 104 (43) 17123-17127 https://doi.org/10.1073/pnas.0704076104,Whittman (2007) 104 (43) 17123-17127 https://doi.org/10.1073/pnas.0704076104
Etoumbi|COG|2005-05,COG,,EU051647,EU051634,Etoumbi,2005-05,,Etoumbi/2005,,,,Whittman (2007) 104 (43) 17123-17127 https://doi.org/10.1073/pnas.0704076104,Whittman (2007) 104 (43) 17123-17127 https://doi.org/10.1073/pnas.0704076104
GOR2_Odz |COG|2005-06,COG,,EU051650,EU051638,GOR2_Odz ,2005-06,,,,gorilla,,Whittman (2007) 104 (43) 17123-17127 https://doi.org/10.1073/pnas.0704076104,Whittman (2007) 104 (43) 17123-17127 https://doi.org/10.1073/pnas.0704076104
Mbandza|COG|2003-11,COG,,EU051648,EU051635,Mbandza,2003-11,,Mbomo/2003,,GP name is Mandza,,Whittman (2007) 104 (43) 17123-17127 https://doi.org/10.1073/pnas.0704076104,Whittman (2007) 104 (43) 17123-17127 https://doi.org/10.1073/pnas.0704076104
CH_Lossi|COG|2003-02,COG,,,EU051633,CH_Lossi,2003-02,,,,Chimp,,,Whittman (2007) 104 (43) 17123-17127 https://doi.org/10.1073/pnas.0704076104
GOR2_Lossi|COG|2002-12,COG,,,EU051631,GOR2_Lossi,2002-12,,,,gorilla,,,Whittman (2007) 104 (43) 17123-17127 https://doi.org/10.1073/pnas.0704076104
GOR_Mbandza|COG|2003-06,COG,,,EU051636,GOR_Mbandza,2003-06,,,,gorilla,,,Whittman (2007) 104 (43) 17123-17127 https://doi.org/10.1073/pnas.0704076104
GOR1_Odz|COG|2005-06,COG,,,EU051637,GOR1_Odz,2005-06,,,,,,,Whittman (2007) 104 (43) 17123-17127 https://doi.org/10.1073/pnas.0704076104